{
  "model_name": "ESP32-S3 Water Leak Detector",
  "version": "1.0",
  "window_size": 10,
  "features": [
    "flow_normalized",
    "turbidity",
    "flow_duration",
    "hour",
    "is_weekend"
  ],
  "n_features": 5,
  "threshold": 357542782.97961575,
  "parameters": 4437,
  "accuracy": 0.9353642680494307,
  "precision": 0.04573643410852713,
  "recall": 0.00818932611562218,
  "f1_score": 0.013891341456236389
}